degradation_model,scenario,Service_Year,Calendar_Year,Annual_Pf,Cumulative_Pf,Annual_Beta,Cumulative_Beta,Mean_Resistance
power_random_rate,Base temperature,1,2027,3.6950445488811858e-06,3.6950445488811858e-06,4.482132335985552,4.482132335985552,1621.0707257794302
power_random_rate,Base temperature,2,2028,3.6950445488811858e-06,7.3892806190969665e-06,4.482132335985552,4.3319632517226445,1621.0707257794302
power_random_rate,Base temperature,3,2029,3.6950445488811858e-06,1.1082709293319901e-05,4.482132335985552,4.241881030635275,1621.0707257794302
power_random_rate,Base temperature,4,2030,3.6950445488811858e-06,1.477533165191617e-05,4.482132335985552,4.176901715228558,1621.0707257794302
power_random_rate,Base temperature,5,2031,3.6950445488811858e-06,1.846714877295607e-05,4.482132335985552,4.125865569911465,1621.0707257794302
power_random_rate,Base temperature,6,2032,3.6950445488811858e-06,2.2158161732220475e-05,4.482132335985552,4.0837415205969,1621.0707257794302
power_random_rate,Base temperature,7,2033,3.6950445488811858e-06,2.5848371603205025e-05,4.482132335985552,4.0478206082395465,1621.0707257794302
power_random_rate,Base temperature,8,2034,3.6950445488811858e-06,2.9537779457125816e-05,4.482132335985552,4.0164732784059805,1621.0707257794302
power_random_rate,Base temperature,9,2035,3.6950445488811858e-06,3.322638636292828e-05,4.482132335985552,3.988641454286316,1621.0707257794302
power_random_rate,Base temperature,10,2036,3.6950445488811858e-06,3.691419338728502e-05,4.482132335985552,3.9635984809569704,1621.0707257794302
power_random_rate,Base temperature,11,2037,3.6950445488811858e-06,4.060120159461e-05,4.482132335985552,3.940823371414303,1621.0707257794302
power_random_rate,Base temperature,12,2038,3.6950445488811858e-06,4.428741204705706e-05,4.482132335985552,3.919929640321586,1621.0707257794302
power_random_rate,Base temperature,13,2039,3.6950445488811858e-06,4.797282580452851e-05,4.482132335985552,3.9006225261395007,1621.0707257794302
power_random_rate,Base temperature,14,2040,3.6950445488811858e-06,5.165744392468184e-05,4.482132335985552,3.8826719994794154,1621.0707257794302
power_random_rate,Base temperature,15,2041,3.6950445488811858e-06,5.5341267462932516e-05,4.482132335985552,3.8658950386510935,1621.0707257794302
power_random_rate,Base temperature,16,2042,3.7184284248840127e-06,5.904765006927479e-05,4.480786235444841,3.8500467114093193,1620.611616213291
power_random_rate,Base temperature,17,2043,3.873836924534279e-06,6.290841848411188e-05,4.4720405296020305,3.8345061256760054,1618.3996976956057
power_random_rate,Base temperature,18,2044,4.242564544122584e-06,6.713652206378501e-05,4.452563106147852,3.818486291860045,1615.5376932248394
power_random_rate,Base temperature,19,2045,4.721299753051718e-06,7.184157182135309e-05,4.429558961909343,3.8017405531294677,1613.3730179083739
power_random_rate,Base temperature,20,2046,5.418634140513023e-06,7.724126392092133e-05,4.3997559598802605,3.7837507606162735,1610.8988167103123
power_random_rate,Base temperature,21,2047,6.439822870705518e-06,8.365760956823271e-05,4.362139912344415,3.7638530634514415,1608.1947729341152
power_random_rate,Base temperature,22,2048,7.924015500335704e-06,9.154977314082315e-05,4.316559035035008,3.741260591559624,1604.5459509573368
power_random_rate,Base temperature,23,2049,1.0124366936688198e-05,0.00010162570868748451,4.262130271583456,3.714940620428687,1599.8003267928943
power_random_rate,Base temperature,24,2050,1.3197239085096277e-05,0.00011474200165033492,4.202532977297948,3.6841312223043383,1594.8509511982345
power_random_rate,Base temperature,25,2051,1.745766388807904e-05,0.00013205586782180797,4.1387828156124,3.648173043043186,1589.5742409915083
power_random_rate,Base temperature,26,2052,2.3260780602547917e-05,0.00015505151051468306,4.072448136815093,3.6067107394243925,1584.6168602923856
power_random_rate,Base temperature,27,2053,3.103428455637949e-05,0.0001855882210011413,4.004805349099431,3.5597723318679235,1580.289521519013
power_random_rate,Base temperature,28,2054,4.147041010025018e-05,0.0002261208784241496,3.9357397382927406,3.507556824165125,1575.6244911791464
power_random_rate,Base temperature,29,2055,5.542025424117279e-05,0.00027978436887027817,3.8655469827422304,3.4504905594808566,1570.85050314971
power_random_rate,Base temperature,30,2056,7.386327078806234e-05,0.00035040088807578214,3.794860418008234,3.3892652780202583,1566.6251825327013
power_random_rate,Base temperature,31,2057,9.821491109124298e-05,0.0004427293350360351,3.7235642756953586,3.3245987582086083,1561.4745662822759
power_random_rate,Base temperature,32,2058,0.000130210783984691,0.0005625220605645734,3.6517872730781233,3.257232069886819,1555.7088951730689
power_random_rate,Base temperature,33,2059,0.00017187938272573614,0.0007164779065197402,3.5798748797907805,3.187929274408205,1550.0960279278866
power_random_rate,Base temperature,34,2060,0.00022580459916986487,0.0009124033122244071,3.5079292132634996,3.117356657364851,1544.440105234269
power_random_rate,Base temperature,35,2061,0.00029502572045061716,0.0011592578635487413,3.4361466709867416,3.046072953158897,1539.2477963637587
power_random_rate,Base temperature,36,2062,0.0003831903569146947,0.001467351051932946,3.36465986822407,2.974496074836238,1534.3830324911426
power_random_rate,Base temperature,37,2063,0.0004945826155013058,0.0018485152131469573,3.293590413192464,2.902918323144997,1529.7476186252243
power_random_rate,Base temperature,38,2064,0.0006338140097836975,0.002316259905943352,3.223209505487394,2.8315347596363765,1523.467179339272
power_random_rate,Base temperature,39,2065,0.0008070421443228362,0.0028856743492249506,3.153349506912384,2.760497006053667,1514.5043816452112
power_random_rate,Base temperature,40,2066,0.0010188946410964492,0.003572746500547168,3.0846688135926157,2.6899864047303743,1505.1849277780454
power_random_rate,Base temperature,41,2067,0.0012779564078479837,0.004393862804537892,3.0166422281751486,2.6202037091703803,1496.4147151337002
power_random_rate,Base temperature,42,2068,0.0015937879275632941,0.0053653513004207135,2.9490449739597144,2.551348304760497,1487.971741913064
power_random_rate,Base temperature,43,2069,0.00197659342581412,0.006502972462041702,2.881873277378514,2.483606467298646,1479.2053485260078
power_random_rate,Base temperature,44,2070,0.002435713672910329,0.007821195614219937,2.8154150543288337,2.4171541471759403,1470.0466868801416
power_random_rate,Base temperature,45,2071,0.0029795883519017343,0.009332187326866014,2.7500192320421686,2.3521673697852075,1461.530790481045
power_random_rate,Base temperature,46,2072,0.003617600372684967,0.011045354591064503,2.6858202196001963,2.2888045812794315,1453.583671610826
power_random_rate,Base temperature,47,2073,0.004359620058936181,0.012967882435102999,2.622870523634193,2.2271722367669518,1445.2152792694737
power_random_rate,Base temperature,48,2074,0.005223615610675049,0.015105872426755006,2.560664097273107,2.16730317132524,1436.2314881531563
power_random_rate,Base temperature,49,2075,0.006207290025394704,0.017465291711561803,2.5001355352638726,2.1091622003568418,1427.6149213383928
power_random_rate,Base temperature,50,2076,0.007314570138124843,0.02005241382436462,2.4414320700603183,2.0526675873687505,1419.1534651161096
power_random_rate,Base temperature,51,2077,0.008548754735245133,0.022873579387806597,2.384604110001762,1.9977187637876779,1410.193875684803
power_random_rate,Base temperature,52,2078,0.009912678277544438,0.025934637969951813,2.329636778952277,1.9442171050274504,1400.6731925551153
power_random_rate,Base temperature,53,2079,0.011407497886490854,0.02924018858522247,2.2765184807865175,1.8920795905592513,1390.3532503305566
power_random_rate,Base temperature,54,2080,0.01303204579472623,0.03279339657514509,2.225255490573673,1.8412372886469452,1379.5350883927945
power_random_rate,Base temperature,55,2081,0.014798738916433511,0.036596272594703175,2.175435751402805,1.7916281850150126,1369.2214180295243
power_random_rate,Base temperature,56,2082,0.016708673116264006,0.04065008843697365,2.127032941688413,1.7431914590647253,1358.9149892458984
power_random_rate,Base temperature,57,2083,0.01876969054930161,0.04495575606493178,2.079849043503548,1.6958646683023957,1347.7216579448966
power_random_rate,Base temperature,58,2084,0.02097585983202232,0.04951390470136913,2.03399876804792,1.6495851740211613,1336.358198883838
power_random_rate,Base temperature,59,2085,0.0233394955133574,0.05432559820803197,1.9892012769855274,1.60428522474855,1325.630312253942
power_random_rate,Base temperature,60,2086,0.025868891890431775,0.05939276972597705,1.945309131316325,1.55989143247712,1315.4946223780055
power_random_rate,Base temperature,61,2087,0.02856179529160773,0.06471813981571599,1.9023639497916682,1.5163286145487258,1305.7528447623224
power_random_rate,Base temperature,62,2088,0.031420410351160055,0.07030431007502336,1.8603160740285105,1.4735283689262895,1296.3195828989012
power_random_rate,Base temperature,63,2089,0.03444621315370023,0.07615297590756939,1.819124576825852,1.4314337138751132,1286.7544820812993
power_random_rate,Base temperature,64,2090,0.03763172573985249,0.0822645609029325,1.7788555236223638,1.389999194990774,1276.5201764422088
power_random_rate,Base temperature,65,2091,0.04098171302496573,0.08863839733564335,1.739405701622398,1.3491873569668704,1265.6019987348488
power_random_rate,Base temperature,66,2092,0.04448659362135171,0.09527303197734278,1.7008391939672176,1.3089654216652635,1254.6650397475594
power_random_rate,Base temperature,67,2093,0.048138881151197445,0.10216634507985176,1.6631732415228029,1.2693039161824526,1244.2608062301488
power_random_rate,Base temperature,68,2094,0.051947547407265884,0.10931544004519714,1.6262565308519612,1.2301768681528573,1234.294217229284
power_random_rate,Base temperature,69,2095,0.05591936194079603,0.11671625231128628,1.5899826147194984,1.19156334552054,1224.6320204011563
power_random_rate,Base temperature,70,2096,0.06004803942457803,0.12436378764976301,1.554370445030628,1.1534454993127836,1215.2135676292844
power_random_rate,Base temperature,71,2097,0.06432686040437822,0.13225272459274615,1.5194322842063934,1.1158053828460992,1206.0020254691678
power_random_rate,Base temperature,72,2098,0.06875785621246275,0.14037848440965472,1.4851061303300226,1.0786204327417863,1196.9719621369993
power_random_rate,Base temperature,73,2099,0.07335190073424101,0.14873808095877195,1.4512731977830824,1.0418609265711904,1187.5181121807304
power_random_rate,Base temperature,74,2100,0.07810935306039135,0.15732998590666755,1.4179043024077211,1.0054920579934328,1177.7833759812645
power_random_rate,Base temperature,75,2101,0.08054753713565921,0.16543107614067257,1.4013980527002199,0.9723787646572114,1173.0301518825438
power_gamma_process,Base temperature,1,2027,3.8250297610603745e-06,3.8250297610603745e-06,4.47475048706781,4.47475048706781,1621.5022025837807
power_gamma_process,Base temperature,2,2028,3.825070738566664e-06,7.64883800414479e-06,4.474748198005864,4.32435791597237,1621.4986989789618
power_gamma_process,Base temperature,3,2029,3.825256686763422e-06,1.1471572423649694e-05,4.474737810968971,4.234136612003842,1621.4868732891623
power_gamma_process,Base temperature,4,2030,3.825936980460174e-06,1.529373006539904e-05,4.474699813984088,4.1690479786726335,1621.459482885482
power_gamma_process,Base temperature,5,2031,3.828397882169708e-06,1.9117094048272567e-05,4.474562417212788,4.117899183236825,1621.4047367068329
power_gamma_process,Base temperature,6,2032,3.834317807183874e-06,2.2945125275902053e-05,4.474232242257243,4.075628407145125,1621.313410698355
power_gamma_process,Base temperature,7,2033,3.845937223378549e-06,2.6783523403274217e-05,4.473585601463957,4.039492210764556,1621.177297675826
power_gamma_process,Base temperature,8,2034,3.8673991122311305e-06,3.0642127456233165e-05,4.472396106051265,4.007810526142824,1620.9820516307482
power_gamma_process,Base temperature,9,2035,3.9030687599740945e-06,3.45351298009644e-05,4.470433056361927,3.9794659216416157,1620.7161983103413
power_gamma_process,Base temperature,10,2036,3.961385530108596e-06,3.8485126126191795e-05,4.467260286407944,3.9536429214289095,1620.3616793539
power_gamma_process,Base temperature,11,2037,4.0521896098276145e-06,4.252449939924359e-05,4.462407829304044,3.9297082278921938,1619.9015806492046
power_gamma_process,Base temperature,12,2038,4.182731930182157e-06,4.669282059812411e-05,4.455610897218147,3.9071643366864413,1619.3226536356553
power_gamma_process,Base temperature,13,2039,4.368725086866367e-06,5.1045229421895134e-05,4.446269061226695,3.885569075442411,1618.6018771864467
power_gamma_process,Base temperature,14,2040,4.63590611790736e-06,5.5662284355444996e-05,4.4334939223244945,3.8644833813869726,1617.7266595099318
power_gamma_process,Base temperature,15,2041,5.0056459386927175e-06,6.0645468237412635e-05,4.416929383459428,3.8435021496180917,1616.6770475638557
power_gamma_process,Base temperature,16,2042,5.50085580327964e-06,6.611845166853345e-05,4.396486665579432,3.8222548782906705,1615.435077472268
power_gamma_process,Base temperature,17,2043,6.1647440405051824e-06,7.224677902175482e-05,4.371678692489503,3.800347089461442,1614.0071681149927
power_gamma_process,Base temperature,18,2044,7.027421324643282e-06,7.922457945305028e-05,4.34300266818151,3.777439216351598,1612.3880935379643
power_gamma_process,Base temperature,19,2045,8.152030472942975e-06,8.730605209332722e-05,4.310289978135439,3.7531703555998432,1610.5479541950374
power_gamma_process,Base temperature,20,2046,9.623116701389814e-06,9.682522312905188e-05,4.273460567809211,3.7271588115371386,1608.4745166910695
power_gamma_process,Base temperature,21,2047,1.147284590881704e-05,0.00010814492616688586,4.234111662742222,3.699188580936877,1606.1738440665715
power_gamma_process,Base temperature,22,2048,1.3804404726492895e-05,0.00012172263253290177,4.1923430405879065,3.6690586127444025,1603.6157482717592
power_gamma_process,Base temperature,23,2049,1.6810976457204627e-05,0.00013819388902949628,4.147435920762615,3.6364812251083967,1600.75647168671
power_gamma_process,Base temperature,24,2050,2.0641071712573313e-05,0.00015832514094003147,4.100184193384264,3.6012833111386207,1597.5979333328548
power_gamma_process,Base temperature,25,2051,2.548376938097763e-05,0.00018304424719435333,4.051145323337218,3.5633954831878576,1594.1602721840682
power_gamma_process,Base temperature,26,2052,3.142834188135199e-05,0.00021335046982134064,4.0018216071609105,3.522994049978015,1590.4261602096767
power_gamma_process,Base temperature,27,2053,3.886515658620684e-05,0.00025058489945824176,3.9512923084413716,3.4801303944577873,1586.36525460584
power_gamma_process,Base temperature,28,2054,4.831976332888955e-05,0.000296509762757557,3.8988778018157086,3.4347871010350657,1581.9654560736933
power_gamma_process,Base temperature,29,2055,6.011600302299172e-05,0.0003530966459421435,3.8456526066571666,3.3871633420572813,1577.24478154445
power_gamma_process,Base temperature,30,2056,7.474605556385978e-05,0.0004226740484647165,3.79191163271181,3.337502998641213,1572.2029437437445
power_gamma_process,Base temperature,31,2057,9.26327408230804e-05,0.0005078461718604993,3.7383044928835405,3.286143548604487,1566.8229998444226
power_gamma_process,Base temperature,32,2058,0.00011446827510745863,0.000611724908430747,3.684739629783791,3.2333560377746604,1561.097510071769
power_gamma_process,Base temperature,33,2059,0.00014115564556134983,0.0007381457247136086,3.6310126994069964,3.179304053326284,1555.0303794717115
power_gamma_process,Base temperature,34,2060,0.0001736614708070676,0.0008915689808701062,3.5771785482633023,3.1241594553651684,1548.6203307321007
power_gamma_process,Base temperature,35,2061,0.0002131336972645802,0.0010772051790820286,3.523263464190202,3.0680770854504256,1541.8642462719365
power_gamma_process,Base temperature,36,2062,0.0002609807114846304,0.0013010523765988474,3.4692253595965363,3.011208074417792,1534.7491376171029
power_gamma_process,Base temperature,37,2063,0.000319440530307288,0.001570386131377129,3.4145472722596075,2.9536133658704493,1527.2670004061679
power_gamma_process,Base temperature,38,2064,0.0003901760222782061,0.0018931671779598659,3.35967148510277,2.895435000147957,1519.4241501061229
power_gamma_process,Base temperature,39,2065,0.00047471079663058456,0.002277861006510025,3.3051010599922934,2.8368765697393137,1511.2416006471651
power_gamma_process,Base temperature,40,2066,0.0005760411927695822,0.0027345427031338614,3.2504852648413602,2.7780223629763383,1502.7327458897107
power_gamma_process,Base temperature,41,2067,0.0006977693740706126,0.0032748565127065626,3.1955721730537525,2.718911497350894,1493.8839990811043
power_gamma_process,Base temperature,42,2068,0.0008438570563584407,0.003911929241069734,3.1403060622653993,2.659578115317087,1484.7190362886793
power_gamma_process,Base temperature,43,2069,0.001017940093513113,0.004659869896658079,3.084947598781967,2.600097054874889,1475.2411339015346
power_gamma_process,Base temperature,44,2070,0.0012246354630248398,0.005534558666480286,3.0295392296415566,2.5405092256481003,1465.454153240784
power_gamma_process,Base temperature,45,2071,0.001468217761147713,0.006553395116676212,2.974314905748437,2.4808543896193815,1455.3710801062098
power_gamma_process,Base temperature,46,2072,0.0017560578301041609,0.007735019082403253,2.918950875037171,2.4211841518892556,1445.0162006694645
power_gamma_process,Base temperature,47,2073,0.0020956130246871053,0.009100349296853494,2.863398853453496,2.3615096424076674,1434.4127981737477
power_gamma_process,Base temperature,48,2074,0.002493735792659668,0.010671632946038115,2.8078418344815548,2.3018565027319857,1423.5563386749702
power_gamma_process,Base temperature,49,2075,0.0029606951732056444,0.012471506164548991,2.752102945387549,2.2422841678298044,1412.4457507702173
power_gamma_process,Base temperature,50,2076,0.0035055157438538724,0.014523035320527983,2.6963198254332044,2.1828606905464625,1401.095972496064
power_gamma_process,Base temperature,51,2077,0.00413804205003438,0.016850487211892362,2.640593957301718,2.123631439910575,1389.5385074147716
power_gamma_process,Base temperature,52,2078,0.004872892339387007,0.01947903581960589,2.5847209202723933,2.064629480638098,1377.7780035806245
power_gamma_process,Base temperature,53,2079,0.005724360145387954,0.02243344167620072,2.528695815256384,2.0059003271616693,1365.8111101023105
power_gamma_process,Base temperature,54,2080,0.006704525366683636,0.02573781670109308,2.47271639270238,1.9474932067102695,1353.651434310064
power_gamma_process,Base temperature,55,2081,0.00782960947338224,0.029417271668884797,2.416762773479739,1.8894276910306746,1341.3291294843013
power_gamma_process,Base temperature,56,2082,0.00911772004875461,0.03349783820076073,2.3608024835866357,1.831703034025372,1328.8808369188127
power_gamma_process,Base temperature,57,2083,0.01058715955101447,0.03800344736979021,2.3048617199923562,1.7743402008553482,1316.3137266513784
power_gamma_process,Base temperature,58,2084,0.01225741869214625,0.042958058225165435,2.248963201300932,1.7173452083420437,1303.6454969780464
power_gamma_process,Base temperature,59,2085,0.014147440174141223,0.04838573448211153,2.193173509819749,1.6607111699089008,1290.8943118281238
power_gamma_process,Base temperature,60,2086,0.016282079037350346,0.05430875561131895,2.1374161614532694,1.60443813297679,1278.0405415260332
power_gamma_process,Base temperature,61,2087,0.018679259899820593,0.06074604785951959,2.0818243164907293,1.5485410111725413,1265.102630750858
power_gamma_process,Base temperature,62,2088,0.021363589708929005,0.06771447071324987,2.0263671036594793,1.4930315005150212,1252.1382294524924
power_gamma_process,Base temperature,63,2089,0.024348471650789606,0.07522865491604247,1.9712355158528458,1.437918042223843,1239.1576708802947
power_gamma_process,Base temperature,64,2090,0.027649226410043207,0.08330122133343403,1.9165238310712405,1.3832036115609787,1226.1554146079848
power_gamma_process,Base temperature,65,2091,0.03129312437478914,0.0919434936943782,1.8621194944175306,1.3288817449385097,1213.1434751631514
power_gamma_process,Base temperature,66,2092,0.03528908015206377,0.10116432863511945,1.808182121126669,1.2749451485170953,1200.1355151981036
power_gamma_process,Base temperature,67,2093,0.039661609675435076,0.11096967013282763,1.7546264780178091,1.2213874932936444,1187.1418796340413
power_gamma_process,Base temperature,68,2094,0.044436908408620496,0.12136536710233733,1.7013684768287138,1.1681885098870257,1174.1749446816884
power_gamma_process,Base temperature,69,2095,0.04963710696148576,0.13235712210515932,1.648382455585978,1.115317837535199,1161.2378919234748
power_gamma_process,Base temperature,70,2096,0.05528418439544135,0.14394492808065212,1.59564368304328,1.062762088444519,1148.334503380291
power_gamma_process,Base temperature,71,2097,0.06138407107197959,0.15612080869029235,1.5432581961899783,1.0105296167052176,1135.4841443529976
power_gamma_process,Base temperature,72,2098,0.06793452428364191,0.16887964632560884,1.4913522083172686,0.9586019840944203,1122.6941820832003
power_gamma_process,Base temperature,73,2099,0.0749503766946288,0.18221578667852348,1.4398821168599498,0.9069531488674842,1109.9659581679427
power_gamma_process,Base temperature,74,2100,0.08243160628731111,0.19611782804524006,1.3888998289152155,0.8555700247753886,1097.3061582634632
power_gamma_process,Base temperature,75,2101,0.08635799190799236,0.20936746300624268,1.363528579033338,0.8086179684480755,1090.995525196368
power_random_rate,SSP5 delta_T=4 C,1,2027,3.7154988809465174e-06,3.7154988809465174e-06,4.480954431360113,4.480954431360113,1621.535811927352
power_random_rate,SSP5 delta_T=4 C,2,2028,3.985343659622791e-06,7.699810275239544e-06,4.465969748363541,4.322893322921001,1621.535811927352
power_random_rate,SSP5 delta_T=4 C,3,2029,4.273802606910784e-06,1.1971387367321658e-05,4.450988167209172,4.224541483683998,1621.535811927352
power_random_rate,SSP5 delta_T=4 C,4,2030,4.582084612957928e-06,1.6549873445591184e-05,4.4360097657841395,4.151019563241769,1621.535811927352
power_random_rate,SSP5 delta_T=4 C,5,2031,4.9114716310687245e-06,2.1456173019522198e-05,4.421034619870587,4.091212627628385,1621.535811927352
power_random_rate,SSP5 delta_T=4 C,6,2032,5.263322721115836e-06,2.67125267916652e-05,4.406062803128313,4.040114759090477,1621.535811927352
power_random_rate,SSP5 delta_T=4 C,7,2033,5.639078292897768e-06,3.234259066704937e-05,4.39109438707871,3.995033223776539,1621.535811927352
power_random_rate,SSP5 delta_T=4 C,8,2034,6.0402645579020465e-06,3.837151898940111e-05,4.376129441090485,3.9543498806938433,1621.535811927352
power_random_rate,SSP5 delta_T=4 C,9,2035,6.4684981982294574e-06,4.482605220065529e-05,4.361168032366787,3.917015182971337,1621.535811927352
power_random_rate,SSP5 delta_T=4 C,10,2036,6.925491261714545e-06,5.173460912747518e-05,4.3462102259337545,3.882309146289965,1621.535811927352
power_random_rate,SSP5 delta_T=4 C,11,2037,7.413056292567277e-06,5.912738410577278e-05,4.331256084630473,3.8497161893723737,1621.535811927352
power_random_rate,SSP5 delta_T=4 C,12,2038,7.933111707169065e-06,6.7036449161775e-05,4.316305669099995,3.818854336266941,1621.535811927352
power_random_rate,SSP5 delta_T=4 C,13,2039,8.487687424931687e-06,7.549586147569306e-05,4.301359037781873,3.789432678860086,1621.535811927352
power_random_rate,SSP5 delta_T=4 C,14,2040,9.07893076447176e-06,8.454177636178691e-05,4.286416246905508,3.7612245484560223,1621.535811927352
power_random_rate,SSP5 delta_T=4 C,15,2041,9.716887472201374e-06,9.422029432888578e-05,4.271298874073031,3.7340292581824936,1621.4834865616772
power_random_rate,SSP5 delta_T=4 C,16,2042,1.0856079233382915e-05,0.0001050287174112877,4.246514655252093,3.7066034754748185,1619.3161034708478
power_random_rate,SSP5 delta_T=4 C,17,2043,1.295943193093934e-05,0.0001179221870765204,4.206646018515216,3.677160806355622,1616.0275507975214
power_random_rate,SSP5 delta_T=4 C,18,2044,1.5498300419488985e-05,0.00013332509043410476,4.166018169547481,3.6457142178447617,1613.8772401028511
power_random_rate,SSP5 delta_T=4 C,19,2045,1.901716476621551e-05,0.00015218872261014876,4.119107132250439,3.6115456890784396,1611.3266630758264
power_random_rate,SSP5 delta_T=4 C,20,2046,2.4127595464591343e-05,0.0001760455255235125,4.063920870292731,3.5736116202946437,1607.8427288604275
power_random_rate,SSP5 delta_T=4 C,21,2047,3.127734042681601e-05,0.00020682863619981258,4.002960759273016,3.53121378219785,1603.7617544154555
power_random_rate,SSP5 delta_T=4 C,22,2048,4.1395253637374144e-05,0.0002473067923213957,3.936175299812092,3.4836566441440127,1598.4499202960626
power_random_rate,SSP5 delta_T=4 C,23,2049,5.566464951859308e-05,0.00030127494048194544,3.864473009218411,3.4304640180238244,1592.3032900843543
power_random_rate,SSP5 delta_T=4 C,24,2050,7.496988794230786e-05,0.0003731707455947036,3.7911691721752048,3.3719641998053027,1586.858582354479
power_random_rate,SSP5 delta_T=4 C,25,2051,0.0001008306003004053,0.00046859854531352163,3.716926347521905,3.3087313785760144,1581.4610433951214
power_random_rate,SSP5 delta_T=4 C,26,2052,0.0001354799299753507,0.0005948956925832514,3.6415895301631918,3.2413161825248786,1576.0326255278567
power_random_rate,SSP5 delta_T=4 C,27,2053,0.00018113978490996282,0.0007609529537469994,3.566138783375456,3.170473735142583,1571.2799092580417
power_random_rate,SSP5 delta_T=4 C,28,2054,0.00024139755076950123,0.00097835207290687,3.4901247588464983,3.0967263477222837,1565.7123018027191
power_random_rate,SSP5 delta_T=4 C,29,2055,0.0003207855421706554,0.0012619545504391264,3.413402509083132,3.0204601596846294,1558.9486761328542
power_random_rate,SSP5 delta_T=4 C,30,2056,0.00042409553771649463,0.0016295687309487426,3.336569864160316,2.942176846409221,1552.3357799372297
power_random_rate,SSP5 delta_T=4 C,31,2057,0.0005571488485154235,0.0021020374573112767,3.25995531051258,2.86242896158313,1546.3366158323056
power_random_rate,SSP5 delta_T=4 C,32,2058,0.0007272523133238341,0.0027034015562100036,3.183610744682448,2.781741834574144,1540.7745773082172
power_random_rate,SSP5 delta_T=4 C,33,2059,0.0009430657016590834,0.0034610631842588667,3.1076000344501735,2.700567621773483,1534.877357101197
power_random_rate,SSP5 delta_T=4 C,34,2060,0.00121628097055258,0.004406557384235636,3.031606371610259,2.61921977577176,1526.3795364483638
power_random_rate,SSP5 delta_T=4 C,35,2061,0.0015609563895859358,0.005574876650360462,2.9554717581199146,2.537970027476303,1516.0061229451094
power_random_rate,SSP5 delta_T=4 C,36,2062,0.0019901362335880426,0.007002243513476212,2.879720984959099,2.457148277472047,1505.8606107093872
power_random_rate,SSP5 delta_T=4 C,37,2063,0.0025197801648348924,0.008725978543807775,2.8044941425275085,2.377045038574173,1495.6750252502409
power_random_rate,SSP5 delta_T=4 C,38,2064,0.003167643378600348,0.010783471547184263,2.7299034979450973,2.2979094541789213,1485.3321313898984
power_random_rate,SSP5 delta_T=4 C,39,2065,0.003953346735391202,0.01321079377803487,2.656028487969222,2.2199584598095448,1475.2963745386178
power_random_rate,SSP5 delta_T=4 C,40,2066,0.004895703204842395,0.01604178007822249,2.5831101228829314,2.1433680044189902,1465.9986440736145
power_random_rate,SSP5 delta_T=4 C,41,2067,0.006015062105172855,0.019308667463771516,2.511259455441219,2.068241337544546,1456.26684026725
power_random_rate,SSP5 delta_T=4 C,42,2068,0.0073341006450358456,0.023042227917706434,2.4404690869192227,1.9946189440813482,1445.9262159429816
power_random_rate,SSP5 delta_T=4 C,43,2069,0.00887155943982488,0.027271285898625888,2.3709356721867705,1.9225024007984695,1435.1623550433123
power_random_rate,SSP5 delta_T=4 C,44,2070,0.0106483553531929,0.0320230715791949,2.3026825500969617,1.8518585098286664,1423.508352438324
power_random_rate,SSP5 delta_T=4 C,45,2071,0.012680855038702091,0.037323152153747895,2.2358482964894177,1.7826315266844426,1411.0497040414857
power_random_rate,SSP5 delta_T=4 C,46,2072,0.014987718219059084,0.04319479140731019,2.170414802332933,1.7147581199715263,1398.3395813298225
power_random_rate,SSP5 delta_T=4 C,47,2073,0.01758527027880472,0.049659517649928396,2.1063894085288513,1.6481639353112214,1385.038935730822
power_random_rate,SSP5 delta_T=4 C,48,2074,0.020496509745833873,0.05673726115483846,2.0436006047944364,1.582767256778963,1370.9603862063248
power_random_rate,SSP5 delta_T=4 C,49,2075,0.023735740874077236,0.06444474848428589,1.9820693289571867,1.5184956433235692,1357.5417135943983
power_random_rate,SSP5 delta_T=4 C,50,2076,0.02731292381387684,0.0727948257582369,1.9218403640457045,1.4552876235741459,1345.0771204010161
power_random_rate,SSP5 delta_T=4 C,51,2077,0.031243426455101503,0.0817985844987061,1.8628252741872655,1.3930748118915222,1333.193091416423
power_random_rate,SSP5 delta_T=4 C,52,2078,0.03554050784901808,0.0914667219801153,1.8049595265430565,1.3317771035142165,1321.3551139594188
power_random_rate,SSP5 delta_T=4 C,53,2079,0.04022438382991954,0.10181129243306272,1.7480881323449795,1.2712981932582226,1308.5716916283075
power_random_rate,SSP5 delta_T=4 C,54,2080,0.04530579906319651,0.11284503421838182,1.6921803176396886,1.211535941673732,1294.9925315153437
power_random_rate,SSP5 delta_T=4 C,55,2081,0.050787220373788924,0.12457823075806916,1.6372682076692917,1.1524006804444218,1281.8488199882736
power_random_rate,SSP5 delta_T=4 C,56,2082,0.05667607845943969,0.13701734068021248,1.5833041525231895,1.0938182887183558,1269.44751433082
power_random_rate,SSP5 delta_T=4 C,57,2083,0.06298061990704079,0.1501657590808388,1.530224213726864,1.035722723311482,1257.4958798632576
power_random_rate,SSP5 delta_T=4 C,58,2084,0.06970835109401975,0.16402306421928425,1.4779666603675965,0.9780570101193471,1245.5043501050538
power_random_rate,SSP5 delta_T=4 C,59,2085,0.07686245650975042,0.17858372209226905,1.4264970666786605,0.9207758917348973,1233.2546088797797
power_random_rate,SSP5 delta_T=4 C,60,2086,0.08445406401931477,0.19383560881762593,1.3757206763496401,0.8638483238822491,1220.8246838562789
power_random_rate,SSP5 delta_T=4 C,61,2087,0.09248385701384,0.20975966507595534,1.3256136153021267,0.8072554410834647,1208.2462388659283
power_random_rate,SSP5 delta_T=4 C,62,2088,0.10095237633404504,0.22633035912022503,1.2761436250717537,0.7509866033482179,1195.9514612661467
power_random_rate,SSP5 delta_T=4 C,63,2089,0.10986099791464507,0.24351504350395634,1.2272676883760627,0.6950402350744344,1184.1051920817351
power_random_rate,SSP5 delta_T=4 C,64,2090,0.11921049857672616,0.2612744979476488,1.178942690107804,0.6394211465688489,1172.5558345111942
power_random_rate,SSP5 delta_T=4 C,65,2091,0.1289921152623695,0.2795622731898471,1.1311683737095706,0.5841423466209966,1161.2437638401652
power_random_rate,SSP5 delta_T=4 C,66,2092,0.13919606293384226,0.29832612493454463,1.0839383691732558,0.529220856821735,1149.5580030343306
power_random_rate,SSP5 delta_T=4 C,67,2093,0.14981607207350625,0.31750904065220276,1.0372225649195128,0.47467578330753446,1137.5475127000711
power_random_rate,SSP5 delta_T=4 C,68,2094,0.16085266852193844,0.33705045486073404,0.990959540222753,0.42052645197061417,1125.2269950389857
power_random_rate,SSP5 delta_T=4 C,69,2095,0.1722895278228019,0.3568884893507929,0.9451563593052518,0.36678824218217615,1112.7494770670537
power_random_rate,SSP5 delta_T=4 C,70,2096,0.184109601579463,0.3769585436998598,0.8998140742727537,0.31347858589534067,1100.7754834394825
power_random_rate,SSP5 delta_T=4 C,71,2097,0.1962984918838896,0.3971963247459467,0.8549172074007737,0.26061081392471125,1089.1255655657237
power_random_rate,SSP5 delta_T=4 C,72,2098,0.208826804489708,0.41753887227351993,0.8104987050826377,0.20819367815568332,1077.7095917069123
power_random_rate,SSP5 delta_T=4 C,73,2099,0.2216556877691363,0.4379251518372455,0.766613451203803,0.1562318102022505,1066.4844099224333
power_random_rate,SSP5 delta_T=4 C,74,2100,0.23476839978882924,0.45829630557189444,0.7232329156327422,0.10472678037262306,1055.423211808836
power_random_rate,SSP5 delta_T=4 C,75,2101,0.2423282998404151,0.47743013496150183,0.6988326848729836,0.056604474755520114,1049.9308985041362
power_gamma_process,SSP5 delta_T=4 C,1,2027,3.6988594084639525e-06,3.6988594084639525e-06,4.481912177246454,4.481912177246454,1621.214597727624
power_gamma_process,SSP5 delta_T=4 C,2,2028,3.969609474077373e-06,7.66785098135418e-06,4.466816453173937,4.323810528467108,1621.214597727624
power_gamma_process,SSP5 delta_T=4 C,3,2029,4.259104528596493e-06,1.192561110099081e-05,4.451727829411183,4.225404252139575,1621.2145752891472
power_gamma_process,SSP5 delta_T=4 C,4,2030,4.568566444020101e-06,1.6491983797727916e-05,4.436646097711711,4.1518213697678155,1621.2140428146192
power_gamma_process,SSP5 delta_T=4 C,5,2031,4.899328578796513e-06,2.138813059466955e-05,4.421569421551953,4.091949070176029,1621.2120783277264
power_gamma_process,SSP5 delta_T=4 C,6,2032,5.253197808920814e-06,2.663700213335253e-05,4.406480099257735,4.040778735841513,1621.2049004438754
power_gamma_process,SSP5 delta_T=4 C,7,2033,5.632535999755434e-06,3.226389098947537e-05,4.3913467529716135,3.995610384203262,1621.184856642532
power_gamma_process,SSP5 delta_T=4 C,8,2034,6.0401808524865855e-06,3.829690501522036e-05,4.376132463313645,3.954815269223483,1621.1433372054582
power_gamma_process,SSP5 delta_T=4 C,9,2035,6.481184988313219e-06,4.476917821017151e-05,4.360739355685449,3.9173213482051645,1621.0667256568634
power_gamma_process,SSP5 delta_T=4 C,10,2036,6.968057630058639e-06,5.17263002695507e-05,4.344865298156976,3.8823481924043324,1620.930412654577
power_gamma_process,SSP5 delta_T=4 C,11,2037,7.517966157938518e-06,5.9230945211598885e-05,4.328161322095712,3.849287523718641,1620.7006994269664
power_gamma_process,SSP5 delta_T=4 C,12,2038,8.152608587016361e-06,6.736737216917268e-05,4.310274296893212,3.8176392474628034,1620.3511627200344
power_gamma_process,SSP5 delta_T=4 C,13,2039,8.901791696344441e-06,7.624944716245887e-05,4.290793472207352,3.7869644729325884,1619.8617115728243
power_gamma_process,SSP5 delta_T=4 C,14,2040,9.800283168705953e-06,8.602548641382322e-05,4.269392983769613,3.756871226857066,1619.1925221085824
power_gamma_process,SSP5 delta_T=4 C,15,2041,1.0912225490347914e-05,9.690730779477036e-05,4.245358181993824,3.726945150101252,1618.3071935699445
power_gamma_process,SSP5 delta_T=4 C,16,2042,1.2332085238373471e-05,0.00010919995578998357,4.217851000146284,3.696723589104772,1617.1715355915164
power_gamma_process,SSP5 delta_T=4 C,17,2043,1.4175918150982984e-05,0.00012332262862456306,4.186316162293309,3.6657183555781585,1615.731717637317
power_gamma_process,SSP5 delta_T=4 C,18,2044,1.6603492765516827e-05,0.00013985060983006875,4.150279276473026,3.6334089096456865,1613.9468492285207
power_gamma_process,SSP5 delta_T=4 C,19,2045,1.9804501134386957e-05,0.00015954335017988032,4.1097486433599855,3.599290401019535,1611.776980125249
power_gamma_process,SSP5 delta_T=4 C,20,2046,2.4025809377080824e-05,0.00018339878638510475,4.0649069984965385,3.5628877322340617,1609.18646575219
power_gamma_process,SSP5 delta_T=4 C,21,2047,2.9663103748027585e-05,0.00021279305965075907,4.0154749210186,3.523687340555089,1606.1474996650616
power_gamma_process,SSP5 delta_T=4 C,22,2048,3.7168137995461345e-05,0.0002495289485158061,3.9619623132583643,3.4812615578219837,1602.6178075441062
power_gamma_process,SSP5 delta_T=4 C,23,2049,4.712629206533174e-05,0.0002959584924466842,3.9049302028195463,3.4352913931662674,1598.5637224650216
power_gamma_process,SSP5 delta_T=4 C,24,2050,6.0286424575054156e-05,0.00035512740818731766,3.844958486254801,3.385589741364792,1593.9666730794697
power_gamma_process,SSP5 delta_T=4 C,25,2051,7.747230423519569e-05,0.0004308208164559071,3.783007717259475,3.332194017522759,1588.8072598357383
power_gamma_process,SSP5 delta_T=4 C,26,2052,9.985234046345664e-05,0.0005278519754739603,3.71938976527287,3.2752449444864795,1583.102710729655
power_gamma_process,SSP5 delta_T=4 C,27,2053,0.00012895140604106989,0.0006523456408287232,3.6542818739732725,3.2149458566991016,1576.8467194079724
power_gamma_process,SSP5 delta_T=4 C,28,2054,0.0001666256766951555,0.0008119900868204439,3.587978820204861,3.151564990868799,1570.0024170264821
power_gamma_process,SSP5 delta_T=4 C,29,2055,0.0002149411573202937,0.0010161941716901163,3.521024858538754,3.0854581339300147,1562.584056770811
power_gamma_process,SSP5 delta_T=4 C,30,2056,0.00027671075166740583,0.001276577590184351,3.4534711463824492,3.016969477925201,1554.6181959581515
power_gamma_process,SSP5 delta_T=4 C,31,2057,0.0003554402226276222,0.0016073575300907775,3.3853480906656026,2.94642390457053,1546.1005359085866
power_gamma_process,SSP5 delta_T=4 C,32,2058,0.00045492304293631215,0.002025625989591044,3.3170153776037714,2.874143225960245,1537.0182510605166
power_gamma_process,SSP5 delta_T=4 C,33,2059,0.0005804220778480691,0.0025521953048073154,3.2483303359884412,2.8003709896183104,1527.401034626687
power_gamma_process,SSP5 delta_T=4 C,34,2060,0.0007379605807379077,0.003211510697536205,3.1793767590222815,2.7253661477112114,1517.2777345227962
power_gamma_process,SSP5 delta_T=4 C,35,2061,0.0009342527631409387,0.004032168814682191,3.1103740658536982,2.649364192966487,1506.6610109439
power_gamma_process,SSP5 delta_T=4 C,36,2062,0.0011779972603927966,0.005048066339344904,3.041248302457482,2.5725192992796204,1495.588238558713
power_gamma_process,SSP5 delta_T=4 C,37,2063,0.0014796280858532418,0.006298224584516602,2.9719388502766715,2.494979262174348,1484.1003006014957
power_gamma_process,SSP5 delta_T=4 C,38,2064,0.001850796872971428,0.007826794866995054,2.9025319713661637,2.4168936547087077,1472.2072864678714
power_gamma_process,SSP5 delta_T=4 C,39,2065,0.0023057525807858386,0.00968422545008949,2.832988454051684,2.3383625083013304,1459.9277648064856
power_gamma_process,SSP5 delta_T=4 C,40,2066,0.0028593464431361884,0.011926530747180615,2.763489519396568,2.259487749447727,1447.2839841367017
power_gamma_process,SSP5 delta_T=4 C,41,2067,0.0035301718921108612,0.014614806478278406,2.6939845478181654,2.1803758475290973,1434.3037901694686
power_gamma_process,SSP5 delta_T=4 C,42,2068,0.004340574803710266,0.017816129012445198,2.624361873542883,2.10109921249677,1421.0057294186324
power_gamma_process,SSP5 delta_T=4 C,43,2069,0.005312155766764424,0.021602757533852147,2.55481871436085,2.0217177887431483,1407.4144153454085
power_gamma_process,SSP5 delta_T=4 C,44,2070,0.006475522760225523,0.026052924863685666,2.4851126210894163,1.9422582070069496,1393.5608476764835
power_gamma_process,SSP5 delta_T=4 C,45,2071,0.007861080463871588,0.03124740472445366,2.4153021615892576,1.862768743039784,1379.4764170334142
power_gamma_process,SSP5 delta_T=4 C,46,2072,0.009500903680605619,0.037268215477121495,2.3454955118661465,1.7833064566240553,1365.195551057297
power_gamma_process,SSP5 delta_T=4 C,47,2073,0.011439931196419693,0.044201775425038205,2.2754347561856267,1.703879771564286,1350.7383318584377
power_gamma_process,SSP5 delta_T=4 C,48,2074,0.013716531551096254,0.05213223665446452,2.2052998110372197,1.624521885896954,1336.1368155093942
power_gamma_process,SSP5 delta_T=4 C,49,2075,0.01637466553997999,0.06114092553397498,2.135143001115022,1.545266350792389,1321.4139787951865
power_gamma_process,SSP5 delta_T=4 C,50,2076,0.019466848731470022,0.07130494912191843,2.0648869572316877,1.4661409258107185,1306.6005203291993
power_gamma_process,SSP5 delta_T=4 C,51,2077,0.023051821160641885,0.08269775199723886,1.9944431919584358,1.3871517195316612,1291.7048330897771
power_gamma_process,SSP5 delta_T=4 C,52,2078,0.027186825369951144,0.0953834747469564,1.9238479048385266,1.3083136432187175,1276.7219285706763
power_gamma_process,SSP5 delta_T=4 C,53,2079,0.031927623005966334,0.1094117155245451,1.853189193684867,1.2296627240722573,1261.692334642836
power_gamma_process,SSP5 delta_T=4 C,54,2080,0.0373444617060579,0.12482132950880115,1.7823699445299037,1.151217763683762,1246.6469001853975
power_gamma_process,SSP5 delta_T=4 C,55,2081,0.0434966404991558,0.14163324883141015,1.7114759834173174,1.0730102936214385,1231.583371347658
power_gamma_process,SSP5 delta_T=4 C,56,2082,0.05044067299941359,0.15984914049150362,1.6405958068272013,0.9950781000804865,1216.5029408065086
power_gamma_process,SSP5 delta_T=4 C,57,2083,0.058239725626490935,0.17945174244029896,1.5697235014842204,0.9174564860158143,1201.4245599190233
power_gamma_process,SSP5 delta_T=4 C,58,2084,0.06696662660671834,0.2004060565495068,1.4987702182191256,0.8401717183725973,1186.3537380787582
power_gamma_process,SSP5 delta_T=4 C,59,2085,0.07668774657426258,0.22265728863049547,1.4277094912860269,0.7632495599528806,1171.2876943056822
power_gamma_process,SSP5 delta_T=4 C,60,2086,0.08743872009729294,0.24612210833190115,1.3566972073537744,0.6867437585515523,1156.2575151902322
power_gamma_process,SSP5 delta_T=4 C,61,2087,0.09926501933417707,0.2707003942195741,1.285750820697242,0.6106960999584242,1141.2666905062686
power_gamma_process,SSP5 delta_T=4 C,62,2088,0.11220806448568553,0.29627544211955553,1.2148688162944388,0.5351431352075161,1126.3194172408412
power_gamma_process,SSP5 delta_T=4 C,63,2089,0.12629565408688076,0.3227163423831956,1.1440779574534456,0.4601163837148924,1111.4378616420965
power_gamma_process,SSP5 delta_T=4 C,64,2090,0.141550433678884,0.34988203949541546,1.0733795249060105,0.38563895469556414,1096.6140680586807
power_gamma_process,SSP5 delta_T=4 C,65,2091,0.15795129294642804,0.3776202797278442,1.0029135259456248,0.31173679840360624,1081.8367571799972
power_gamma_process,SSP5 delta_T=4 C,66,2092,0.17552275380517288,0.4057779410211412,0.932563265097377,0.23841932280904996,1067.106426971361
power_gamma_process,SSP5 delta_T=4 C,67,2093,0.19423877386070001,0.4342000452470515,0.8623816267534673,0.16569104907099913,1052.4382809609901
power_gamma_process,SSP5 delta_T=4 C,68,2094,0.21402630861733304,0.4627254473629304,0.7925284371997553,0.09356980719487037,1037.8543029150483
power_gamma_process,SSP5 delta_T=4 C,69,2095,0.23484161248626817,0.4912009933814825,0.7229945623052025,0.022057627297146196,1023.3301110568217
power_gamma_process,SSP5 delta_T=4 C,70,2096,0.2566367585205785,0.5194816154710922,0.653749018125986,-0.04885259295734207,1008.846420594199
power_gamma_process,SSP5 delta_T=4 C,71,2097,0.27932999960579097,0.5474217720152535,0.5848330202469597,-0.11915007902851323,994.4389704269746
power_gamma_process,SSP5 delta_T=4 C,72,2098,0.3027724793649599,0.5748892360618049,0.5164431161014141,-0.18883578006597568,980.1173621165474
power_gamma_process,SSP5 delta_T=4 C,73,2099,0.3268516774551447,0.6017606930745153,0.44862339402950185,-0.25790708876919094,965.873762308716
power_gamma_process,SSP5 delta_T=4 C,74,2100,0.35146861942405166,0.6279221199481553,0.38135851586182473,-0.32635502634739594,951.7101076785978
power_gamma_process,SSP5 delta_T=4 C,75,2101,0.3652613645796907,0.6515192128496594,0.344430268088447,-0.389425280032981,944.6476299927715
