Year,Month,Day,MaxSfcWind,Date,Realization_Inferred,W_pressure
2026,2,9,11.472298,2026-02-09,1,379.04722963431556
2026,2,15,11.470579,2026-02-15,1,378.9336458742941
2029,3,29,11.764417,2029-03-29,1,398.5963411676803
2030,12,7,11.624792,2030-12-07,1,389.1910724446003
2031,2,26,11.105212,2031-02-26,1,355.1781126670387
2031,4,5,11.438551,2031-04-05,1,376.8204930612509
2031,11,15,11.667837,2031-11-15,1,392.0786503446787
2032,1,24,13.20285,2032-01-24,1,502.0279145927999
2032,1,25,12.136241,2032-01-25,1,424.19043535703327
2032,11,8,11.173858,2032-11-08,1,359.58269549999227
2032,11,23,13.0038185,2032-11-23,1,487.0059712731136
2032,11,25,11.439747,2032-11-25,1,376.89929690114593
2032,12,16,12.877144,2032-12-16,1,477.56401227859965
2032,12,17,11.8178425,2032-12-17,1,402.2248359018419
2032,12,25,11.394644,2032-12-25,1,373.93318623379963
2033,2,13,11.070308,2033-02-13,1,352.94895133880834
2033,6,20,11.040854,2033-06-20,1,351.07331630203004
2033,12,25,11.177745,2033-12-25,1,359.83291186087195
2034,1,15,11.586899,2034-01-15,1,386.6579378962589
2034,11,3,11.67808,2034-11-03,1,392.76735116083194
2034,12,1,11.234028,2034-12-01,1,363.46574910177793
2034,12,2,12.290451,2034-12-02,1,435.0389350561948
2034,12,8,11.688915,2034-12-08,1,393.496513566408
2035,11,24,12.6981945,2035-11-24,1,464.3831334523111
2035,11,25,12.809504,2035-11-25,1,472.56017105092604
2037,1,25,11.824121,2037-01-25,1,402.6523317772061
2038,2,2,11.118418,2038-02-02,1,356.02335020944514
2038,9,3,11.427149,2038-09-03,1,376.0696346924189
2039,1,25,12.767326,2039-01-25,1,469.4532859879949
2039,3,27,11.879083,2039-03-27,1,406.40432521216024
2040,10,23,11.395812,2040-10-23,1,374.0098496813107
2041,12,11,13.1110525,2041-12-11,1,495.07112925433796
2041,12,19,14.270428,2041-12-19,1,586.49793207317
2042,1,6,11.991629,2042-01-06,1,414.1415982920861
2045,1,3,11.406649,2045-01-03,1,374.72152725849884
2045,2,28,11.099117,2045-02-28,1,354.7883467575043
2046,3,20,11.099299,2046-03-20,1,354.7999822792349
2047,2,21,13.149776,2047-02-21,1,497.9998334885068
2047,11,25,16.678818,2047-11-25,1,801.166953246117
2047,12,18,11.407726,2047-12-18,1,374.7922919742989
2049,11,22,12.037504,2049-11-22,1,417.3163273440461
2049,11,23,12.551909,2049-11-23,1,453.74520828752924
2049,12,24,11.974137,2049-12-24,1,412.93427585693473
2053,2,24,12.169995,2053-02-24,1,426.55328150407195
2053,2,25,11.024581,2053-02-25,1,350.0391923296156
2053,12,29,12.736804,2053-12-29,1,467.211387267118
2054,11,25,12.899959,2054-11-25,1,479.2577535408413
2055,12,22,14.837323,2055-12-22,1,634.0209229622275
2055,12,25,11.775377,2055-12-25,1,399.3393700573315
2056,2,6,11.026656,2056-02-06,1,350.17097052192764
2056,10,25,11.398459,2056-10-25,1,374.18361861508134
2056,11,18,12.083488,2056-11-18,1,420.5107648688946
2057,1,20,11.764573,2057-01-20,1,398.6069122723075
2057,2,2,11.1496525,2057-02-02,1,358.026482507778
2057,10,27,11.539157,2057-10-27,1,383.4781754994691
2057,11,25,12.291213,2057-11-25,1,435.0928809927428
2059,1,2,12.438673,2059-01-02,1,445.59528768267546
2059,1,17,13.320288,2059-01-17,1,510.9986085204786
2059,4,19,11.758948,2059-04-19,1,398.2258312321075
2059,10,25,11.486889,2059-10-25,1,380.0120224271645
2059,11,25,11.186683,2059-11-25,1,360.40860444236836
2059,12,10,12.030619,2059-12-10,1,416.83908534670365
2060,10,27,11.643998,2060-10-27,1,390.47814554113154
2060,12,14,11.416204,2060-12-14,1,375.3495756564941
2061,2,20,11.558302,2061-02-20,1,384.7517139548275
2061,2,21,11.094391,2061-02-21,1,354.48627358333727
2061,7,26,11.617756,2061-07-26,1,388.7200928895437
2061,12,23,12.450373,2061-12-23,1,446.43394897669157
2062,1,3,12.752303,2062-01-03,1,468.3491475949699
2062,6,17,11.2731495,2062-06-17,1,366.0016309901287
2062,12,18,13.358296,2062-12-18,1,513.918927428014
2064,1,6,11.919542,2064-01-06,1,409.17738669052034
2064,3,5,11.062877,2064-03-05,1,352.47527284933153
2067,1,16,13.416809,2067-01-16,1,518.4309995783452
2067,12,21,12.371493,2067-12-21,1,440.795056461261
2068,2,15,11.800188,2068-02-15,1,401.0239780857907
2068,3,17,11.62285,2068-03-17,1,389.0610493127999
2068,12,29,12.627168,2068-12-29,1,459.202670496645
2069,7,31,12.441674,2069-07-31,1,445.8103255361549
2069,8,20,11.101351,2069-08-20,1,354.93118279257885
2070,3,8,11.487527,2070-03-08,1,380.0542365380995
2070,3,9,14.878047,2070-03-09,1,637.5060936985219
2070,3,18,12.419409,2070-03-18,1,444.2161533387292
2072,11,18,11.719841,2072-11-18,1,395.58145842800934
2072,11,19,14.169474,2072-11-19,1,578.2291010976268
2072,12,27,11.901929,2072-12-27,1,407.9690320925981
2073,1,21,11.165009,2073-01-21,1,359.01338679383326
2073,11,3,11.008983,2073-11-03,1,349.04939527955236
2073,12,5,11.039338,2073-12-05,1,350.97691241734276
2074,12,28,11.86388,2074-12-28,1,405.36474812467196
2075,1,27,11.457149,2075-01-27,1,378.0468380396189
2075,2,15,13.376443,2075-02-15,1,515.3161747168772
2075,5,3,11.09235,2075-05-03,1,354.3558581447999
2075,12,5,11.402708,2075-12-05,1,374.4626392318004
2075,12,27,12.076992,2075-12-27,1,420.0587590120243
2076,2,21,12.598264,2076-02-21,1,457.1028167434445
2077,7,21,14.250868,2077-07-21,1,584.8912476098611
2077,12,15,11.835478,2077-12-15,1,403.42619372683396
2078,2,9,13.667776,2078-02-09,1,538.0073302641869
2079,7,26,11.388295,2079-07-26,1,373.516597460232
2080,2,1,11.29131,2080-02-01,1,367.1818027663679
2080,2,7,11.310252,2080-02-07,1,368.4147848740915
2080,2,11,11.095121,2080-02-11,1,354.53292481336615
2080,8,2,11.076148,2080-08-02,1,353.3214370115635
2080,12,5,12.08106,2080-12-05,1,420.34179088396803
2081,1,6,12.393421,2081-01-06,1,442.35902615973407
2081,12,9,11.537485,2081-12-09,1,383.367053160648
2082,11,24,12.896518,2082-11-24,1,479.00210839005314
2084,12,13,11.922604,2084-12-13,1,409.38764008555006
2084,12,16,11.043749,2084-12-16,1,351.2574488880029
2085,2,11,11.670444,2085-02-11,1,392.25387789255166
2085,12,16,12.007971,2085-12-16,1,415.2711385061021
2086,1,3,11.504287,2086-01-03,1,381.1640238097027
2086,2,15,12.997961,2086-02-15,1,486.5673316536605
2086,4,25,12.425235,2086-04-25,1,444.63301863904803
2086,12,12,11.105908,2086-12-12,1,355.2226344128563
2087,3,11,11.893632,2087-03-11,1,407.4004285961011
2087,5,7,11.541138,2087-05-07,1,383.60985504492675
2088,11,22,13.791003,2088-11-22,1,547.7522795885059
2088,11,23,12.686141,2088-11-23,1,463.50193959901725
2088,12,10,13.763898,2088-12-10,1,545.6012778846834
2089,5,18,11.280108,2089-05-18,1,366.45360909599236
2089,11,2,11.0007,2089-11-02,1,348.5243534112
2089,12,7,11.013814,2089-12-07,1,349.3558046205965
2090,4,28,11.561362,2090-04-28,1,384.95546292972676
2090,11,24,12.908772,2090-11-24,1,479.912816298194
2090,11,30,12.634057,2090-11-30,1,459.7038612842371
2091,12,30,11.760813,2091-12-30,1,398.3521605723908
2091,12,31,12.73201,2091-12-31,1,466.85974648348804
2092,1,24,11.0647,2092-01-24,1,352.5914479392
2092,3,2,11.485704,2092-03-02,1,379.9336215617741
2094,12,16,12.892329,2094-12-16,1,478.69098348741403
2094,12,24,12.678864,2094-12-24,1,462.97034591182853
2095,1,3,12.629268,2095-01-03,1,459.35542142157306
2095,3,28,12.881013,2095-03-28,1,477.85102820976664
2095,11,25,11.470276,2095-11-25,1,378.9136267665869
2096,11,18,12.472035,2096-11-18,1,447.98877227872805
2096,11,19,11.82536,2096-11-19,1,402.736720693248
2096,11,29,11.525708,2096-11-29,1,382.5848013156403
2097,1,1,11.375319,2097-01-01,1,372.66590117307163
2097,2,13,11.362402,2097-02-13,1,371.82003612365946
2097,2,22,11.776695,2097-02-22,1,399.428769954312
2097,7,8,12.220388,2097-07-08,1,430.0931026671667
2098,2,2,13.374372,2098-02-02,1,515.1566200158259
2098,12,25,14.612736,2098-12-25,1,614.9723138084045
2099,1,5,14.621098,2099-01-05,1,615.6763393697395
2099,2,11,12.237023,2099-02-11,1,431.2648278792836
2099,2,12,14.806476,2099-02-12,1,631.3873868310989
2099,3,7,11.726092,2099-03-07,1,396.0035527462963
2099,5,26,13.790555,2099-05-26,1,547.716692759112
2099,11,13,11.642724,2099-11-13,1,390.39270376370683
2099,11,29,12.345156,2099-11-29,1,438.92028479328764
2099,12,31,12.270827,2099-12-31,1,433.65080236011556
