scenario,path_id,t_ini_gamma
Base temperature,0,37.21081983669964
Base temperature,1,63.15397507440467
Base temperature,2,38.134100469540286
Base temperature,3,37.30209150938864
Base temperature,4,46.25136608369728
Base temperature,5,23.232807656550516
Base temperature,6,37.20215558590189
Base temperature,7,50.17078147656079
Base temperature,8,56.17225779372384
Base temperature,9,42.19505474923771
Base temperature,10,27.223269832731102
Base temperature,11,74.0
Base temperature,12,51.23380201563553
Base temperature,13,62.18859280759402
Base temperature,14,72.28857568620843
Base temperature,15,38.24052847054014
Base temperature,16,21.217682402750835
Base temperature,17,42.22174970236139
Base temperature,18,16.20433455611248
Base temperature,19,38.179691331542166
Base temperature,20,52.19971514604973
Base temperature,21,74.0
Base temperature,22,46.12997121157896
Base temperature,23,52.16025845067006
Base temperature,24,32.14435992211544
Base temperature,25,74.0
Base temperature,26,55.259303059639
Base temperature,27,24.234800608860443
Base temperature,28,21.211710070423248
Base temperature,29,64.16539197286485
Base temperature,30,40.21224323965899
Base temperature,31,16.20859733356384
Base temperature,32,30.173130209604516
Base temperature,33,49.20897102979639
Base temperature,34,74.0
Base temperature,35,19.226315160193714
Base temperature,36,22.226783861474775
Base temperature,37,30.144217907063545
Base temperature,38,55.198166622518066
Base temperature,39,16.234204751806445
SSP5 delta_T=4 C,0,32.21081983669964
SSP5 delta_T=4 C,1,52.15397507440467
SSP5 delta_T=4 C,2,33.134100469540286
SSP5 delta_T=4 C,3,33.30209150938864
SSP5 delta_T=4 C,4,40.25136608369728
SSP5 delta_T=4 C,5,21.232807656550516
SSP5 delta_T=4 C,6,33.20215558590189
SSP5 delta_T=4 C,7,42.17078147656079
SSP5 delta_T=4 C,8,46.17225779372384
SSP5 delta_T=4 C,9,37.19505474923771
SSP5 delta_T=4 C,10,24.223269832731102
SSP5 delta_T=4 C,11,74.0
SSP5 delta_T=4 C,12,43.23380201563553
SSP5 delta_T=4 C,13,51.18859280759402
SSP5 delta_T=4 C,14,57.288575686208425
SSP5 delta_T=4 C,15,33.24052847054014
SSP5 delta_T=4 C,16,19.217682402750835
SSP5 delta_T=4 C,17,36.22174970236139
SSP5 delta_T=4 C,18,15.20433455611248
SSP5 delta_T=4 C,19,34.179691331542166
SSP5 delta_T=4 C,20,44.19971514604973
SSP5 delta_T=4 C,21,65.24280870395667
SSP5 delta_T=4 C,22,40.12997121157896
SSP5 delta_T=4 C,23,44.16025845067006
SSP5 delta_T=4 C,24,28.14435992211544
SSP5 delta_T=4 C,25,67.14244483211111
SSP5 delta_T=4 C,26,46.259303059639
SSP5 delta_T=4 C,27,22.234800608860443
SSP5 delta_T=4 C,28,20.211710070423248
SSP5 delta_T=4 C,29,52.16539197286485
SSP5 delta_T=4 C,30,35.21224323965899
SSP5 delta_T=4 C,31,15.20859733356384
SSP5 delta_T=4 C,32,27.173130209604516
SSP5 delta_T=4 C,33,42.20897102979639
SSP5 delta_T=4 C,34,59.20568638611673
SSP5 delta_T=4 C,35,18.226315160193714
SSP5 delta_T=4 C,36,21.226783861474775
SSP5 delta_T=4 C,37,27.144217907063545
SSP5 delta_T=4 C,38,46.198166622518066
SSP5 delta_T=4 C,39,15.234204751806443
