scenario,variable,distribution,loglik,AIC,BIC,param_0,param_1,param_2
Base temperature,t_ini,weibull,-170.8100171453746,347.6200342907492,352.68667265309097,2.6576949188594083,0.0,48.720667090133546
Base temperature,t_ini,normal,-171.95137680651467,347.90275361302935,351.2805125212572,43.16850049467953,17.81152797932594,
Base temperature,t_ini,gamma,-171.34499895392764,348.6899979078553,353.7566362701971,5.307977679613414,0.0,8.13275848172435
Base temperature,t_ini,lognormal,-172.38737930142668,350.77475860285335,355.84139696519514,0.45968221117025354,0.0,39.17214168526524
Base temperature,eta,normal,97.54846220189165,-191.0969244037833,-187.71916549555544,0.049298587445418124,0.021117565677863964,
Base temperature,eta,weibull,88.36400222440061,-170.72800444880122,-165.6613660864594,1.9078653393845768,0.0,0.05333075407125651
Base temperature,eta,gamma,83.15993977138763,-160.31987954277525,-155.25324118043343,1.6770898141152315,0.0,0.029395317430525432
Base temperature,eta,lognormal,68.92065080856752,-131.84130161713503,-126.77466325479323,1.2150080020952934,0.0,0.03555389850077403
Base temperature,m,lognormal,37.42065467222042,-68.84130934444084,-63.77467098209904,0.13740132388861745,0.0,0.6910067850702838
Base temperature,m,gamma,35.749483684014876,-65.49896736802975,-60.43232900568795,49.054647561642156,0.0,0.014231275648124462
Base temperature,m,normal,32.11218960283482,-60.224379205669635,-56.84662029744176,0.698110211271326,0.10841993840384012,
Base temperature,m,weibull,26.05822970384536,-46.11645940769072,-41.04982104534891,5.591174227919853,0.0,0.7474958962103904
SSP5 delta_T=4 C,t_ini,gamma,-163.60252375325013,333.20504750650025,338.27168586884204,6.007441700825514,0.0,6.24927357487003
SSP5 delta_T=4 C,t_ini,weibull,-163.84952658590407,333.69905317180815,338.76569153414994,2.7226819882699402,0.0,42.30256711776116
SSP5 delta_T=4 C,t_ini,normal,-164.92092464523478,333.84184929046955,337.2196081986974,37.542146673541154,14.940633517561102,
SSP5 delta_T=4 C,t_ini,lognormal,-164.25248085566128,334.50496171132255,339.57160007366434,0.4263230642734122,0.0,34.46455282427685
SSP5 delta_T=4 C,eta,normal,111.72665649435143,-219.45331298870286,-216.075554080475,0.05051871116598583,0.014815150408468014,
SSP5 delta_T=4 C,eta,weibull,106.78522281742778,-207.57044563485556,-202.50380727251374,3.405447569318346,0.0,0.055133675506474286
SSP5 delta_T=4 C,eta,gamma,97.99105864923729,-189.98211729847458,-184.91547893613276,5.100590203852574,0.0,0.009904483431707191
SSP5 delta_T=4 C,eta,lognormal,83.69669297847261,-161.39338595694522,-156.3267475946034,0.6539493126827539,0.0,0.04565553532257866
SSP5 delta_T=4 C,m,lognormal,57.14863358563989,-108.29726717127978,-103.23062880893798,0.08830547522101749,0.0,0.6565862557530676
SSP5 delta_T=4 C,m,gamma,55.50006560448358,-105.00013120896716,-99.93349284662536,118.42651068177331,0.0,0.0055677411698477446
SSP5 delta_T=4 C,m,normal,51.86393771090535,-99.7278754218107,-96.35011651358282,0.6593681591243229,0.06616941208089552,
SSP5 delta_T=4 C,m,weibull,39.55897088280615,-73.1179417656123,-68.0513034032705,6.943235467529311,0.0,0.6924762427100508
