scenario,path_id,t_ini,eta,m,RMSE_loss,success
Base temperature,0,37.27015383337091,0.04936280374579039,0.6755152139803028,0.0023669342873683507,True
Base temperature,1,63.55389180881664,0.07374224214769522,0.6466065849392416,0.0010980540326580288,True
Base temperature,2,38.49136188415846,0.08378486663324497,0.6300759673014689,0.002802643082337483,True
Base temperature,3,37.16678712377662,0.03331572524355383,0.6943878107746869,0.0018149554199371623,True
Base temperature,4,46.53892956324716,0.045501308202439805,0.6373269836896167,0.001288017471871562,True
Base temperature,5,22.97105087447786,0.04007752931562252,0.7150651039290248,0.0031324456528097544,True
Base temperature,6,37.303231898627246,0.0520247233724762,0.6682632581848783,0.0023899679670900094,True
Base temperature,7,50.641981847626646,0.07017123845104072,0.607944479624173,0.0014826398025648926,True
Base temperature,8,56.67549089997085,0.07095273839342021,0.6001411043175704,0.0013590280211113366,True
Base temperature,9,42.43752387374376,0.056441456231607054,0.6554703732901399,0.002047481545319609,True
Base temperature,10,26.993779207390393,0.042484500146652136,0.7108835987902069,0.00302854109316909,True
Base temperature,11,73.9999999926,0.001,1.0,4.78602952436692e-13,True
Base temperature,12,51.63002206636269,0.051069656258522195,0.618230249931076,0.001065653873725504,True
Base temperature,13,62.590914744239086,0.0616297344401275,0.6347174540501277,0.0010254502618039002,True
Base temperature,14,72.28857568620843,0.03365017347859083,0.7214191643442702,2.0030861316495456e-18,True
Base temperature,15,38.28531442330981,0.04343024390771994,0.6747142330734612,0.0020429593331791848,True
Base temperature,16,20.96665677851052,0.04281891191997605,0.714235305644945,0.003352626251797623,True
Base temperature,17,42.44694155857298,0.04974796576202295,0.6506051656099116,0.001784400282488178,True
Base temperature,18,15.942673971738015,0.04520947646693741,0.7161457337333218,0.003649266324916522,True
Base temperature,19,38.38771582217088,0.06018143889926533,0.6527848424778118,0.0024370343167619203,True
Base temperature,20,52.64911734615936,0.060353813602407165,0.610878158180001,0.0012053545615021454,True
Base temperature,21,73.9999999926,0.001,1.0,4.78602952436692e-13,True
Base temperature,22,46.61568099663715,0.09105488652293024,0.6107402436020696,0.002188568110363151,True
Base temperature,23,52.66640563640859,0.07572472646149339,0.5996101643629148,0.0015011493582922672,True
Base temperature,24,32.33555569115944,0.07390467750940731,0.6530873488261435,0.0031896597183086314,True
Base temperature,25,73.9999999926,0.001,1.0,4.78602952436692e-13,True
Base temperature,26,55.66268558011107,0.04688414054219371,0.6092150705818937,0.0008882509112132254,True
Base temperature,27,23.97649096802092,0.0398500618839683,0.7145963705548021,0.0030704384962006335,True
Base temperature,28,20.968318563196494,0.04407920763390327,0.7142843676338404,0.003423927330943741,True
Base temperature,29,64.49074753356986,0.0664562231265899,0.6757978440582748,0.0008242074937140964,True
Base temperature,30,40.38585354207403,0.05088427779892699,0.6595862539409065,0.0020502766049773583,True
Base temperature,31,15.938003558033786,0.04418639988167683,0.7167819165140331,0.0036106125577880705,True
Base temperature,32,30.157190074309028,0.05837073221227812,0.6787946781813242,0.0031595024254268828,True
Base temperature,33,49.60648093166594,0.05644795028430686,0.6226003202496473,0.0012943511716108846,True
Base temperature,34,73.9999999926,0.001,1.0,4.78602952436692e-13,True
Base temperature,35,18.928663478256375,0.04047422237103204,0.7220519149569649,0.0034263235203615136,True
Base temperature,36,21.9653454121592,0.04103614250705853,0.7158492155186273,0.0032435065279931502,True
Base temperature,37,30.298397097298764,0.07318311370229308,0.6570525589584956,0.0033000288855438956,True
Base temperature,38,55.670786024578014,0.06153203038077895,0.6029754642431722,0.001173862482918902,True
Base temperature,39,15.841299516823975,0.03792415837877501,0.7359739328036934,0.003607400488110094,True
SSP5 delta_T=4 C,0,32.24679047373549,0.04627399342074673,0.666564878168809,0.002457084169032109,True
SSP5 delta_T=4 C,1,52.68680494066744,0.07265063125025087,0.588802947923287,0.0016080383328163726,True
SSP5 delta_T=4 C,2,33.51255146803953,0.07966397717205792,0.6176454930427792,0.002751944942788687,True
SSP5 delta_T=4 C,3,33.14807448572187,0.031190258786004413,0.6843286833493033,0.0018770418048988302,True
SSP5 delta_T=4 C,4,40.44572971833151,0.04069704083376738,0.6441466019576998,0.001638420629660956,True
SSP5 delta_T=4 C,5,20.999851272946696,0.0399761073783804,0.6889612210254588,0.0026761070992278543,True
SSP5 delta_T=4 C,6,33.31161857388532,0.04914640151327765,0.6563196466757903,0.0024110020086090074,True
SSP5 delta_T=4 C,7,42.559902409657674,0.06251856604788308,0.6182245455534303,0.0019847159691978623,True
SSP5 delta_T=4 C,8,46.61421458199667,0.06310389867312277,0.6103674626741972,0.0017021497455735892,True
SSP5 delta_T=4 C,9,37.38279148121198,0.051688430011182424,0.653346616199312,0.0022979225660296494,True
SSP5 delta_T=4 C,10,24.010007003141936,0.041683251648016784,0.6887670192174756,0.0027197692485878386,True
SSP5 delta_T=4 C,11,73.9999999926,0.001,1.0,5.950112165035876e-13,True
SSP5 delta_T=4 C,12,43.51896373646199,0.04477455750820215,0.6340534464533589,0.0015370403206624828,True
SSP5 delta_T=4 C,13,51.66655462441936,0.0587542408068653,0.5991276428109537,0.0013279730361525268,True
SSP5 delta_T=4 C,14,57.675583633719434,0.038255459484066806,0.6016464579565,0.0008241323165295462,True
SSP5 delta_T=4 C,15,33.24303449009337,0.040377422753686026,0.6681562728632185,0.002173025724910513,True
SSP5 delta_T=4 C,16,18.999952645024262,0.04306535610261174,0.6866315900529462,0.002805316480136067,True
SSP5 delta_T=4 C,17,36.36459311774492,0.04524415866973608,0.651960426696884,0.0020814494391553115,True
SSP5 delta_T=4 C,18,14.999991613098237,0.046410002189446416,0.684249151445627,0.002912839675897692,True
SSP5 delta_T=4 C,19,34.39684968705703,0.05678094218080149,0.6414493884884841,0.0024623721166453726,True
SSP5 delta_T=4 C,20,44.56052715116572,0.05327434544501102,0.6241359056062922,0.00165777848325154,True
SSP5 delta_T=4 C,21,65.41959546159049,0.03794796650712472,0.7027378945529776,0.0004013939779691971,True
SSP5 delta_T=4 C,22,40.585939948651244,0.08358560151799463,0.6090794746556007,0.0024990467664293727,True
SSP5 delta_T=4 C,23,44.603756559760676,0.06769832689521925,0.6082837822120581,0.0019183716836209236,True
SSP5 delta_T=4 C,24,28.420036119897283,0.07232390572048183,0.6324036822981753,0.0028776245436038994,True
SSP5 delta_T=4 C,25,67.26717518204626,0.05855465019113696,0.7580595820139666,0.0001853344232505854,True
SSP5 delta_T=4 C,26,46.576570502820445,0.04116109512383952,0.6244648166252263,0.0012036147875548536,True
SSP5 delta_T=4 C,27,21.99991928948607,0.03957227917534946,0.689357373357629,0.002649158022947156,True
SSP5 delta_T=4 C,28,19.999999648912443,0.044302981106195426,0.6861543309417679,0.0028465408496369813,True
SSP5 delta_T=4 C,29,52.67672950162735,0.06733554878879679,0.5965725174940486,0.0014938034946092179,True
SSP5 delta_T=4 C,30,35.340650147343844,0.04701420167099095,0.6550030692300068,0.0022315101440906625,True
SSP5 delta_T=4 C,31,14.999951650886072,0.04538522666818521,0.6847224427846081,0.002880913825470867,True
SSP5 delta_T=4 C,32,27.275098514429192,0.05763219615497284,0.654819696474362,0.002848383938005568,True
SSP5 delta_T=4 C,33,42.51133559246867,0.05005281530337826,0.6334565208626519,0.0017577325422886627,True
SSP5 delta_T=4 C,34,59.665190225467,0.05305460904881038,0.6033519978966151,0.0011423124235124906,True
SSP5 delta_T=4 C,35,17.998737155020123,0.0411851446220782,0.6911296675796479,0.0027993746921149286,True
SSP5 delta_T=4 C,36,20.99994650529849,0.04111080766119628,0.6881639588238739,0.0027205368442636633,True
SSP5 delta_T=4 C,37,27.41301968677438,0.07237981211700882,0.6331818950817983,0.0028934629688095585,True
SSP5 delta_T=4 C,38,46.60192722166202,0.05450952979272122,0.6147108029770768,0.0015099680141035419,True
SSP5 delta_T=4 C,39,14.985900926783549,0.03941270669883505,0.7001874609490163,0.00288738972374847,True
